collocate,window_freq,pmi,t_score,global_freq
thi,25,3.482934087278702,4.537355849009245,1536
game,24,2.956969573101916,4.245115023807703,2127
nightmar,18,7.915883614130874,4.224537302094833,51
like,14,3.8808237198265823,3.4711799016173295,672
some,11,3.970364744855227,3.087315896106502,505
setting,10,6.873631127078803,3.1332270205002724,61
atmospher,10,6.418436501327976,3.1222735006254125,84
experienc,9,5.097866876447663,2.903615801876926,192
world,9,4.765511410109962,2.8785157502823755,242
horror,8,6.095377324421965,2.7826362096843416,86
way,8,4.363395137770015,2.67508080453907,288
ha,7,4.0783769718957625,2.468156023145818,312
story,7,3.257260148593674,2.331544263208301,552
have,7,3.233969498607455,2.3264213222106442,561
bureaucracy,6,8.005825739443672,2.4390377485660677,17
great,6,4.80071130953906,2.3480439165582814,165
being,6,4.783433318107225,2.3468142701797974,167
feel,6,4.1204683053847955,2.2865615976341016,265
one,6,3.4042612713853866,2.1814268322737536,436
hell,5,6.561040896770777,2.2084542700705394,41
surreal,5,5.887269129091765,2.191616643589289,66
human,5,5.783433318107225,2.1882491182930393,71
made,5,4.930990506521082,2.149185824856539,129
fun,5,4.535505804663639,2.1215721174272892,170
too,5,4.477624888583139,2.116857582012539,177
wher,5,4.477624888583139,2.116857582012539,177
gameplay,5,4.383502711218589,2.108775521301539,189
play,5,3.993356387481456,2.069038722805789,248
thing,5,3.8980758840483474,2.057589136798539,265
which,5,3.556753538367679,2.0097702775917887,336
ther,5,2.635945705784668,1.807045254757538,637
orwellian,4,9.105361412994586,1.9962349922608174,5
allegory,4,8.52039891227343,1.993975987617308,8
psychological,4,8.52039891227343,1.993975987617308,8
lovecraftian,4,8.36839581882838,1.9932229860694715,9
vibe,4,7.690323913715743,1.9887049767824523,15
dystopian,4,7.442396400272158,1.9864459721389427,18
heart,4,6.935436411552275,1.9804219597562507,26
dark,4,6.135735062038106,1.9653619287995203,46
truly,4,6.075614069600535,1.9638559257038473,48
betw,4,5.404921694853495,1.9420188808165884,77
narrativ,4,5.368395818828381,1.9405128777209153,79
kind,4,5.298006490936983,1.9375008715295692,83
adventur,4,4.736127603328868,1.9073808096161087,123
bit,4,4.500499354835726,1.8908147755637053,145
through,4,3.976078396049621,1.8426226765021685,209
well,4,3.7073303390214334,1.8102436099451982,252
puzzl,4,3.0536992931720945,1.7010583855089036,397
wa,4,2.5079295603112146,1.5632591022548212,580
veil,3,9.36839581882838,1.7294423336908156,3
underneath,3,8.36839581882838,1.7259643685200667,7
thin,3,8.198470817386069,1.7250948772273798,8
bureaucratic,3,7.908964200191083,1.7233558946420051,10
reveal,3,7.561040896770777,1.7207474207639435,13
absurd,3,6.667956100687289,1.7103135252516966,25
menu,3,6.667956100687289,1.7103135252516966,25
word,3,6.324001699469927,1.7042270862028859,32
despit,3,6.324001699469927,1.7042270862028859,32
aesthetic,3,6.280932977578042,1.7033575949101987,33
quickly,3,6.1589424531994315,1.7007491210321368,36
masterpiec,3,6.082993599966133,1.6990101384467624,38
second,3,5.753685974713172,1.69031522551989,48
feeling,3,5.280932977578042,1.6737948909588327,67
mechanic,3,4.876542722498706,1.6546660825197137,89
back,3,4.813806967150744,1.6511881173489646,93
doesn't,3,4.739039198748771,1.6468406608855284,98
styl,3,4.739039198748771,1.6468406608855284,98
look,3,4.437658481265495,1.6268423611537222,121
own,3,4.425881313489141,1.625972869861035,122
nothing,3,4.391115895328465,1.623364395982973,125
life,3,4.346028005799926,1.6198864308122243,129
each,3,4.29158022177755,1.6155389743487882,134
something,3,4.055512863544026,1.5946711833242944,158
art,3,4.028545815943756,1.5920627094462327,161
you'r,3,3.9846915263543288,1.5877152529827967,166
short,3,3.917184706996052,1.5807593226412986,174
lot,3,3.753685974713173,1.5625000054948668,195
their,3,3.739039198748771,1.5607610229094924,197
first,3,3.6818952916451626,1.5538050925679945,205
how,3,3.5546146276113437,1.5372847580069369,224
when,3,3.402611534166294,1.5155474756897562,249
character,3,2.8606011786296848,1.4164254683234114,363
me,3,2.7834333181072246,1.399035642469667,383
all,3,2.3488050904705,1.2816543179568902,518
pew,2,9.36839581882838,1.4120837523702183,2
hellscap,2,9.36839581882838,1.4120837523702183,2
satanic,2,9.36839581882838,1.4120837523702183,2
clerical,2,9.36839581882838,1.4120837523702183,2
portrayal,2,8.953358319549537,1.41101884736878,3
apocalyptic,2,8.631430224662175,1.4099539423673417,4
simulation,2,8.631430224662175,1.4099539423673417,4
hauntingly,2,8.631430224662175,1.4099539423673417,4
corporat,2,8.146003397491933,1.407824132364465,6
damn,2,8.146003397491933,1.407824132364465,6
lynchian,2,8.146003397491933,1.407824132364465,6
labyrinth,2,7.953358319549537,1.4067592273630267,7
led,2,7.953358319549537,1.4067592273630267,7
late,2,7.953358319549537,1.4067592273630267,7
ston,2,7.783433318107225,1.4056943223615883,8
madness,2,7.631430224662175,1.40462941736015,9
ali,2,7.631430224662175,1.40462941736015,9
fish,2,7.631430224662175,1.40462941736015,9
anim,2,7.631430224662175,1.40462941736015,9
contain,2,7.49392670091224,1.4035645123587115,10
trap,2,7.49392670091224,1.4035645123587115,10
transformed,2,7.49392670091224,1.4035645123587115,10
admit,2,7.49392670091224,1.4035645123587115,10
dread,2,7.49392670091224,1.4035645123587115,10
dungeon,2,7.368395818828381,1.4024996073572733,11
uncanny,2,7.252918601408445,1.4014347023558351,12
beautifully,2,7.252918601408445,1.4014347023558351,12
social,2,7.046467723941019,1.3993048923529583,14
tale,2,6.953358319549537,1.3982399873515199,15
crazy,2,6.953358319549537,1.3982399873515199,15
political,2,6.865895478299198,1.3971750823500817,16
layer,2,6.865895478299198,1.3971750823500817,16
buying,2,6.783433318107225,1.3961101773486433,17
tediou,2,6.561040896770777,1.3929154623443283,20
post,2,6.49392670091224,1.39185055734289,21
heavy,2,6.429796363492525,1.3907856523414517,22
totally,2,6.368395818828381,1.3897207473400133,23
gone,2,6.368395818828381,1.3897207473400133,23
approach,2,6.368395818828381,1.3897207473400133,23
mix,2,6.309502129774812,1.3886558423385749,24
clever,2,6.309502129774812,1.3886558423385749,24
insid,2,6.252918601408445,1.3875909373371367,25
non,2,6.1984708173860685,1.3865260323356983,26
loop,2,6.146003397491933,1.3854611273342599,27
couldn't,2,6.146003397491933,1.3854611273342599,27
perfectly,2,6.095377324421965,1.3843962223328217,28
account,2,6.095377324421965,1.3843962223328217,28
situation,2,6.095377324421965,1.3843962223328217,28
stuck,2,5.999162009162662,1.382266412329945,30
funny,2,5.999162009162662,1.382266412329945,30
natur,2,5.82407530260457,1.3780067923241917,34
doing,2,5.7054308061059515,1.3748120773198766,37
spac,2,5.667956100687289,1.3737471723184382,38
self,2,5.595806314931453,1.3716173623155616,40
deep,2,5.527093564847439,1.3694875523126848,42
save,2,5.527093564847439,1.3694875523126848,42
absolutely,2,5.49392670091224,1.3684226473112466,43
turn,2,5.461505223219862,1.3673577423098084,44
text,2,5.429796363492525,1.36629283730837,45
dream,2,5.280932977578042,1.3609683123011782,50
titl,2,5.146003397491933,1.3556437872939866,55
her,2,5.070715270187696,1.3524490722896716,58
element,2,5.022620981986651,1.350319262286795,60
yourself,2,4.953358319549537,1.34712454728248,63
trying,2,4.76353376066952,1.337540402269535,72
control,2,4.7439049539205875,1.3364754972680966,73
ending,2,4.7054308061059515,1.3343456872652202,75
yet,2,4.7054308061059515,1.3343456872652202,75
system,2,4.667956100687289,1.3322158772623434,77
got,2,4.6495775713724345,1.331150972260905,78
year,2,4.631430224662175,1.3300860672594668,79
becom,2,4.578318888202612,1.3268913522551518,82
dialogu,2,4.527093564847439,1.3236966372508367,85
almost,2,4.510414823700809,1.3226317322493983,86
writing,2,4.445563679350841,1.3183721122436451,90
mak,2,4.338648475434328,1.3109177772335767,97
best,2,4.295146836797742,1.3077230622292617,100
sound,2,4.266857792366319,1.3055932522263851,102
10,2,4.13317935713435,1.2949442022120017,112
interesting,2,4.1204683053847955,1.2938792972105633,113
pretty,2,4.095377324421965,1.2917494872076867,115
design,2,4.058540556241594,1.2885547722033717,118
played,2,4.022620981986651,1.2853600571990569,121
bug,2,3.7439049539205875,1.25767252716166,147
still,2,3.7341897990873756,1.2566076221602218,148
say,2,3.561040896770777,1.2363744271328936,167
think,2,3.421976859033225,1.218271042108442,184
work,2,3.178571259948364,1.1820642720595385,218
make,2,3.1589424531994315,1.1788695570552234,221
hi,2,3.114154531452593,1.171415222045155,228
really,2,2.7439049539205875,1.100066586948787,295
my,2,2.342333522242185,0.9989006118121453,390
achivement,1,9.36839581882838,0.9984939969043269,1
manifestation,1,9.36839581882838,0.9984939969043269,1
troublesom,1,9.36839581882838,0.9984939969043269,1
cynicism,1,9.36839581882838,0.9984939969043269,1
infraction,1,9.36839581882838,0.9984939969043269,1
sprawl,1,9.36839581882838,0.9984939969043269,1
afterlif,1,9.36839581882838,0.9984939969043269,1
nervou,1,9.36839581882838,0.9984939969043269,1
eee,1,9.36839581882838,0.9984939969043269,1
nighmar,1,9.36839581882838,0.9984939969043269,1
stalinist,1,9.36839581882838,0.9984939969043269,1
mockery,1,9.36839581882838,0.9984939969043269,1
salad,1,9.36839581882838,0.9984939969043269,1
sorrowful,1,9.36839581882838,0.9984939969043269,1
overused,1,9.36839581882838,0.9984939969043269,1
creepier,1,9.36839581882838,0.9984939969043269,1
lynchean,1,9.36839581882838,0.9984939969043269,1
ps1,1,9.36839581882838,0.9984939969043269,1
crossword,1,9.36839581882838,0.9984939969043269,1
emergent,1,9.36839581882838,0.9984939969043269,1
perpetual,1,9.36839581882838,0.9984939969043269,1
capitalist,1,9.36839581882838,0.9984939969043269,1
gigeresqu,1,9.36839581882838,0.9984939969043269,1
cleverness,1,9.36839581882838,0.9984939969043269,1
dick'',1,9.36839581882838,0.9984939969043269,1
shakespearian,1,9.36839581882838,0.9984939969043269,1
ting,1,9.36839581882838,0.9984939969043269,1
inescapably,1,9.36839581882838,0.9984939969043269,1
toying,1,9.36839581882838,0.9984939969043269,1
omnipotent,1,9.36839581882838,0.9984939969043269,1
dulcet,1,9.36839581882838,0.9984939969043269,1
emulation,1,9.36839581882838,0.9984939969043269,1
nondescript,1,9.36839581882838,0.9984939969043269,1
whim,1,9.36839581882838,0.9984939969043269,1
kobayashi,1,9.36839581882838,0.9984939969043269,1
degenerat,1,9.36839581882838,0.9984939969043269,1
submerged,1,9.36839581882838,0.9984939969043269,1
griding,1,9.36839581882838,0.9984939969043269,1
megastructur,1,9.36839581882838,0.9984939969043269,1
crawler,1,9.36839581882838,0.9984939969043269,1
marketabl,1,9.36839581882838,0.9984939969043269,1
sytem,1,9.36839581882838,0.9984939969043269,1
gerrymandered,1,9.36839581882838,0.9984939969043269,1
christ,1,9.36839581882838,0.9984939969043269,1
amusingly,1,9.36839581882838,0.9984939969043269,1
pinkman,1,9.36839581882838,0.9984939969043269,1
woah,1,9.36839581882838,0.9984939969043269,1
jfc,1,9.36839581882838,0.9984939969043269,1
nan,1,9.36839581882838,0.9984939969043269,1
tramatizing,1,9.36839581882838,0.9984939969043269,1
signifcant,1,9.36839581882838,0.9984939969043269,1
indecipherabl,1,9.36839581882838,0.9984939969043269,1
quaint,1,9.36839581882838,0.9984939969043269,1
surealism,1,9.36839581882838,0.9984939969043269,1
sequiter,1,9.36839581882838,0.9984939969043269,1
alegorical,1,9.36839581882838,0.9984939969043269,1
godforsak,1,9.36839581882838,0.9984939969043269,1
disguised,1,9.36839581882838,0.9984939969043269,1
liminal,1,9.36839581882838,0.9984939969043269,1
stumbling,1,9.36839581882838,0.9984939969043269,1
laboratory,1,9.36839581882838,0.9984939969043269,1
finessed,1,9.36839581882838,0.9984939969043269,1
existantial,1,9.36839581882838,0.9984939969043269,1
hurrah,1,9.36839581882838,0.9984939969043269,1
shaking,1,9.36839581882838,0.9984939969043269,1
biting,1,9.36839581882838,0.9984939969043269,1
excellenc,1,9.36839581882838,0.9984939969043269,1
merger,1,9.36839581882838,0.9984939969043269,1
hoplessness,1,9.36839581882838,0.9984939969043269,1
endured,1,9.36839581882838,0.9984939969043269,1
dystopic,1,9.36839581882838,0.9984939969043269,1
draconian,1,9.36839581882838,0.9984939969043269,1
authoritativ,1,9.36839581882838,0.9984939969043269,1
administration,1,9.36839581882838,0.9984939969043269,1
considerat,1,9.36839581882838,0.9984939969043269,1
doublespeak,1,9.36839581882838,0.9984939969043269,1
dilbert,1,9.36839581882838,0.9984939969043269,1
unmatchabl,1,9.36839581882838,0.9984939969043269,1
noirish,1,9.36839581882838,0.9984939969043269,1
inventiv,1,8.783433318107225,0.996987993808654,2
promised,1,8.783433318107225,0.996987993808654,2
pessimism,1,8.783433318107225,0.996987993808654,2
reasonably,1,8.783433318107225,0.996987993808654,2
overlord,1,8.783433318107225,0.996987993808654,2
nostalgic,1,8.783433318107225,0.996987993808654,2
1984,1,8.783433318107225,0.996987993808654,2
charg,1,8.783433318107225,0.996987993808654,2
bordering,1,8.783433318107225,0.996987993808654,2
mash,1,8.783433318107225,0.996987993808654,2
bespok,1,8.783433318107225,0.996987993808654,2
2022,1,8.783433318107225,0.996987993808654,2
brutality,1,8.783433318107225,0.996987993808654,2
advantag,1,8.783433318107225,0.996987993808654,2
irritatingly,1,8.783433318107225,0.996987993808654,2
disorienting,1,8.783433318107225,0.996987993808654,2
guilty,1,8.783433318107225,0.996987993808654,2
distract,1,8.783433318107225,0.996987993808654,2
ruleset,1,8.783433318107225,0.996987993808654,2
muted,1,8.783433318107225,0.996987993808654,2
unexpectedly,1,8.783433318107225,0.996987993808654,2
uncaring,1,8.783433318107225,0.996987993808654,2
eldritch,1,8.783433318107225,0.996987993808654,2
abomination,1,8.783433318107225,0.996987993808654,2
1996,1,8.783433318107225,0.996987993808654,2
fmv,1,8.783433318107225,0.996987993808654,2
suspenseful,1,8.783433318107225,0.996987993808654,2
persist,1,8.783433318107225,0.996987993808654,2
75,1,8.783433318107225,0.996987993808654,2
jesu,1,8.783433318107225,0.996987993808654,2
engrossing,1,8.783433318107225,0.996987993808654,2
partak,1,8.783433318107225,0.996987993808654,2
shenanigan,1,8.783433318107225,0.996987993808654,2
succeeded,1,8.783433318107225,0.996987993808654,2
procedur,1,8.783433318107225,0.996987993808654,2
utiliz,1,8.783433318107225,0.996987993808654,2
langeskov,1,8.783433318107225,0.996987993808654,2
involuntarily,1,8.783433318107225,0.996987993808654,2
containing,1,8.783433318107225,0.996987993808654,2
pyramid,1,8.783433318107225,0.996987993808654,2
brutalist,1,8.783433318107225,0.996987993808654,2
architectur,1,8.783433318107225,0.996987993808654,2
plentiful,1,8.783433318107225,0.996987993808654,2
af,1,8.783433318107225,0.996987993808654,2
freaky,1,8.783433318107225,0.996987993808654,2
plastered,1,8.783433318107225,0.996987993808654,2
distraint,1,8.783433318107225,0.996987993808654,2
evad,1,8.783433318107225,0.996987993808654,2
slur,1,8.783433318107225,0.996987993808654,2
troubled,1,8.783433318107225,0.996987993808654,2
responsiv,1,8.783433318107225,0.996987993808654,2
bullshit,1,8.783433318107225,0.996987993808654,2
climactic,1,8.783433318107225,0.996987993808654,2
mega,1,8.783433318107225,0.996987993808654,2
unparalleled,1,8.783433318107225,0.996987993808654,2
poignant,1,8.783433318107225,0.996987993808654,2
26,1,8.36839581882838,0.9954819907129809,3
playful,1,8.36839581882838,0.9954819907129809,3
packag,1,8.36839581882838,0.9954819907129809,3
committing,1,8.36839581882838,0.9954819907129809,3
simplicity,1,8.36839581882838,0.9954819907129809,3
nostalgia,1,8.36839581882838,0.9954819907129809,3
tangled,1,8.36839581882838,0.9954819907129809,3
tomorrow,1,8.36839581882838,0.9954819907129809,3
platonic,1,8.36839581882838,0.9954819907129809,3
math,1,8.36839581882838,0.9954819907129809,3
drudgery,1,8.36839581882838,0.9954819907129809,3
ludo,1,8.36839581882838,0.9954819907129809,3
connoisseur,1,8.36839581882838,0.9954819907129809,3
alternat,1,8.36839581882838,0.9954819907129809,3
astonishing,1,8.36839581882838,0.9954819907129809,3
met,1,8.36839581882838,0.9954819907129809,3
recursiv,1,8.36839581882838,0.9954819907129809,3
punish,1,8.36839581882838,0.9954819907129809,3
teeth,1,8.36839581882838,0.9954819907129809,3
toronto,1,8.36839581882838,0.9954819907129809,3
sane,1,8.36839581882838,0.9954819907129809,3
recycled,1,8.36839581882838,0.9954819907129809,3
sinner,1,8.36839581882838,0.9954819907129809,3
verification,1,8.36839581882838,0.9954819907129809,3
sh,1,8.36839581882838,0.9954819907129809,3
linking,1,8.36839581882838,0.9954819907129809,3
replaced,1,8.36839581882838,0.9954819907129809,3
remotely,1,8.36839581882838,0.9954819907129809,3
wrenching,1,8.36839581882838,0.9954819907129809,3
labyrinthin,1,8.36839581882838,0.9954819907129809,3
eureka,1,8.36839581882838,0.9954819907129809,3
delighted,1,8.36839581882838,0.9954819907129809,3
overview,1,8.36839581882838,0.9954819907129809,3
mad,1,8.046467723941019,0.9939759876173079,4
fueled,1,8.046467723941019,0.9939759876173079,4
hated,1,8.046467723941019,0.9939759876173079,4
ranging,1,8.046467723941019,0.9939759876173079,4
melancholic,1,8.046467723941019,0.9939759876173079,4
cruel,1,8.046467723941019,0.9939759876173079,4
punishment,1,8.046467723941019,0.9939759876173079,4
finger,1,8.046467723941019,0.9939759876173079,4
uneasy,1,8.046467723941019,0.9939759876173079,4
satirical,1,8.046467723941019,0.9939759876173079,4
buried,1,8.046467723941019,0.9939759876173079,4
invested,1,8.046467723941019,0.9939759876173079,4
voiced,1,8.046467723941019,0.9939759876173079,4
brother,1,8.046467723941019,0.9939759876173079,4
immigration,1,8.046467723941019,0.9939759876173079,4
monotony,1,8.046467723941019,0.9939759876173079,4
glory,1,8.046467723941019,0.9939759876173079,4
network,1,8.046467723941019,0.9939759876173079,4
rushing,1,8.046467723941019,0.9939759876173079,4
facing,1,8.046467723941019,0.9939759876173079,4
security,1,8.046467723941019,0.9939759876173079,4
maze,1,8.046467723941019,0.9939759876173079,4
deadly,1,8.046467723941019,0.9939759876173079,4
minimalist,1,8.046467723941019,0.9939759876173079,4
endearing,1,8.046467723941019,0.9939759876173079,4
nail,1,8.046467723941019,0.9939759876173079,4
socially,1,8.046467723941019,0.9939759876173079,4
futuristic,1,8.046467723941019,0.9939759876173079,4
sprinkled,1,8.046467723941019,0.9939759876173079,4
fashion,1,8.046467723941019,0.9939759876173079,4
simultaneously,1,8.046467723941019,0.9939759876173079,4
bump,1,8.046467723941019,0.9939759876173079,4
restriction,1,8.046467723941019,0.9939759876173079,4
cog,1,8.046467723941019,0.9939759876173079,4
whimsical,1,8.046467723941019,0.9939759876173079,4
favor,1,8.046467723941019,0.9939759876173079,4
naturally,1,7.783433318107225,0.9924699845216348,5
unfold,1,7.783433318107225,0.9924699845216348,5
cohesiv,1,7.783433318107225,0.9924699845216348,5
alley,1,7.783433318107225,0.9924699845216348,5
log,1,7.783433318107225,0.9924699845216348,5
chor,1,7.783433318107225,0.9924699845216348,5
bureau,1,7.783433318107225,0.9924699845216348,5
brick,1,7.783433318107225,0.9924699845216348,5
addictiv,1,7.783433318107225,0.9924699845216348,5
measur,1,7.783433318107225,0.9924699845216348,5
depiction,1,7.783433318107225,0.9924699845216348,5
frankly,1,7.783433318107225,0.9924699845216348,5
ex,1,7.783433318107225,0.9924699845216348,5
defens,1,7.783433318107225,0.9924699845216348,5
successfully,1,7.783433318107225,0.9924699845216348,5
dealing,1,7.783433318107225,0.9924699845216348,5
novella,1,7.783433318107225,0.9924699845216348,5
vaguely,1,7.783433318107225,0.9924699845216348,5
calling,1,7.783433318107225,0.9924699845216348,5
schem,1,7.783433318107225,0.9924699845216348,5
handed,1,7.783433318107225,0.9924699845216348,5
bioshock,1,7.783433318107225,0.9924699845216348,5
ensuring,1,7.783433318107225,0.9924699845216348,5
backbon,1,7.783433318107225,0.9924699845216348,5
comedy,1,7.783433318107225,0.9924699845216348,5
increasingly,1,7.561040896770777,0.9909639814259619,6
vib,1,7.561040896770777,0.9909639814259619,6
origin,1,7.561040896770777,0.9909639814259619,6
ideal,1,7.561040896770777,0.9909639814259619,6
screw,1,7.561040896770777,0.9909639814259619,6
repetition,1,7.561040896770777,0.9909639814259619,6
emotionally,1,7.561040896770777,0.9909639814259619,6
importantly,1,7.561040896770777,0.9909639814259619,6
akin,1,7.561040896770777,0.9909639814259619,6
paying,1,7.561040896770777,0.9909639814259619,6
sinister,1,7.561040896770777,0.9909639814259619,6
believabl,1,7.561040896770777,0.9909639814259619,6
tedium,1,7.561040896770777,0.9909639814259619,6
grotesqu,1,7.561040896770777,0.9909639814259619,6
relatively,1,7.561040896770777,0.9909639814259619,6
plotlin,1,7.561040896770777,0.9909639814259619,6
shak,1,7.561040896770777,0.9909639814259619,6
appreciated,1,7.561040896770777,0.9909639814259619,6
placed,1,7.561040896770777,0.9909639814259619,6
scenery,1,7.561040896770777,0.9909639814259619,6
dystopia,1,7.561040896770777,0.9909639814259619,6
randomly,1,7.561040896770777,0.9909639814259619,6
twisted,1,7.561040896770777,0.9909639814259619,6
claim,1,7.368395818828381,0.9894579783302888,7
listening,1,7.368395818828381,0.9894579783302888,7
experiencing,1,7.368395818828381,0.9894579783302888,7
f2p,1,7.368395818828381,0.9894579783302888,7
evocativ,1,7.368395818828381,0.9894579783302888,7
standing,1,7.368395818828381,0.9894579783302888,7
welcom,1,7.368395818828381,0.9894579783302888,7
grasp,1,7.368395818828381,0.9894579783302888,7
gain,1,7.368395818828381,0.9894579783302888,7
student,1,7.368395818828381,0.9894579783302888,7
thrown,1,7.368395818828381,0.9894579783302888,7
vagu,1,7.368395818828381,0.9894579783302888,7
hot,1,7.368395818828381,0.9894579783302888,7
devil,1,7.368395818828381,0.9894579783302888,7
bleak,1,7.368395818828381,0.9894579783302888,7
subject,1,7.368395818828381,0.9894579783302888,7
trapped,1,7.368395818828381,0.9894579783302888,7
humorou,1,7.368395818828381,0.9894579783302888,7
racial,1,7.368395818828381,0.9894579783302888,7
epic,1,7.368395818828381,0.9894579783302888,7
uncomfortabl,1,7.1984708173860685,0.9879519752346158,8
era,1,7.1984708173860685,0.9879519752346158,8
folk,1,7.1984708173860685,0.9879519752346158,8
navigating,1,7.1984708173860685,0.9879519752346158,8
shocking,1,7.1984708173860685,0.9879519752346158,8
equal,1,7.1984708173860685,0.9879519752346158,8
inducing,1,7.1984708173860685,0.9879519752346158,8
sell,1,7.1984708173860685,0.9879519752346158,8
dilemma,1,7.1984708173860685,0.9879519752346158,8
drag,1,7.1984708173860685,0.9879519752346158,8
insan,1,7.1984708173860685,0.9879519752346158,8
grim,1,7.1984708173860685,0.9879519752346158,8
asking,1,7.1984708173860685,0.9879519752346158,8
providing,1,7.1984708173860685,0.9879519752346158,8
weirdness,1,7.1984708173860685,0.9879519752346158,8
nightmarish,1,7.1984708173860685,0.9879519752346158,8
industrial,1,7.1984708173860685,0.9879519752346158,8
murder,1,7.046467723941019,0.9864459721389427,9
chao,1,7.046467723941019,0.9864459721389427,9
scienc,1,7.046467723941019,0.9864459721389427,9
looked,1,7.046467723941019,0.9864459721389427,9
horribl,1,7.046467723941019,0.9864459721389427,9
jarring,1,7.046467723941019,0.9864459721389427,9
intended,1,7.046467723941019,0.9864459721389427,9
angl,1,7.046467723941019,0.9864459721389427,9
terrifying,1,7.046467723941019,0.9864459721389427,9
began,1,7.046467723941019,0.9864459721389427,9
convoluted,1,7.046467723941019,0.9864459721389427,9
unsatisfying,1,7.046467723941019,0.9864459721389427,9
whilst,1,7.046467723941019,0.9864459721389427,9
law,1,7.046467723941019,0.9864459721389427,9
coop,1,7.046467723941019,0.9864459721389427,9
doubl,1,6.908964200191083,0.9849399690432697,10
baby,1,6.908964200191083,0.9849399690432697,10
condition,1,6.908964200191083,0.9849399690432697,10
jess,1,6.908964200191083,0.9849399690432697,10
shooter,1,6.908964200191083,0.9849399690432697,10
willing,1,6.908964200191083,0.9849399690432697,10
metaphor,1,6.908964200191083,0.9849399690432697,10
anxiety,1,6.908964200191083,0.9849399690432697,10
typical,1,6.908964200191083,0.9849399690432697,10
anti,1,6.908964200191083,0.9849399690432697,10
depressing,1,6.783433318107225,0.9834339659475967,11
eeri,1,6.783433318107225,0.9834339659475967,11
description,1,6.783433318107225,0.9834339659475967,11
via,1,6.783433318107225,0.9834339659475967,11
discovery,1,6.783433318107225,0.9834339659475967,11
breathtaking,1,6.783433318107225,0.9834339659475967,11
settlement,1,6.783433318107225,0.9834339659475967,11
cheap,1,6.783433318107225,0.9834339659475967,11
mark,1,6.783433318107225,0.9834339659475967,11
russian,1,6.783433318107225,0.9834339659475967,11
vision,1,6.783433318107225,0.9834339659475967,11
user,1,6.783433318107225,0.9834339659475967,11
reflection,1,6.783433318107225,0.9834339659475967,11
u,1,6.783433318107225,0.9834339659475967,11
literal,1,6.667956100687289,0.9819279628519236,12
twin,1,6.667956100687289,0.9819279628519236,12
balanc,1,6.667956100687289,0.9819279628519236,12
camera,1,6.667956100687289,0.9819279628519236,12
pass,1,6.667956100687289,0.9819279628519236,12
dull,1,6.667956100687289,0.9819279628519236,12
narration,1,6.667956100687289,0.9819279628519236,12
endless,1,6.667956100687289,0.9819279628519236,12
landscap,1,6.667956100687289,0.9819279628519236,12
intriguing,1,6.667956100687289,0.9819279628519236,12
creepy,1,6.667956100687289,0.9819279628519236,12
narrator,1,6.667956100687289,0.9819279628519236,12
grind,1,6.561040896770777,0.9804219597562506,13
suck,1,6.561040896770777,0.9804219597562506,13
likely,1,6.561040896770777,0.9804219597562506,13
interfac,1,6.561040896770777,0.9804219597562506,13
serv,1,6.561040896770777,0.9804219597562506,13
gorgeou,1,6.461505223219862,0.9789159566605776,14
peak,1,6.461505223219862,0.9789159566605776,14
slowly,1,6.461505223219862,0.9789159566605776,14
pure,1,6.461505223219862,0.9789159566605776,14
unless,1,6.461505223219862,0.9789159566605776,14
girl,1,6.461505223219862,0.9789159566605776,14
draw,1,6.461505223219862,0.9789159566605776,14
david,1,6.461505223219862,0.9789159566605776,14
existential,1,6.461505223219862,0.9789159566605776,14
leaving,1,6.461505223219862,0.9789159566605776,14
commentary,1,6.461505223219862,0.9789159566605776,14
management,1,6.368395818828381,0.9774099535649046,15
gave,1,6.368395818828381,0.9774099535649046,15
history,1,6.368395818828381,0.9774099535649046,15
asid,1,6.368395818828381,0.9774099535649046,15
moral,1,6.368395818828381,0.9774099535649046,15
tast,1,6.368395818828381,0.9774099535649046,15
country,1,6.368395818828381,0.9774099535649046,15
straight,1,6.280932977578042,0.9759039504692315,16
forced,1,6.280932977578042,0.9759039504692315,16
navigat,1,6.280932977578042,0.9759039504692315,16
tiny,1,6.280932977578042,0.9759039504692315,16
dr,1,6.280932977578042,0.9759039504692315,16
wild,1,6.280932977578042,0.9759039504692315,16
twist,1,6.280932977578042,0.9759039504692315,16
deliver,1,6.1984708173860685,0.9743979473735584,17
humor,1,6.1984708173860685,0.9743979473735584,17
provid,1,6.1984708173860685,0.9743979473735584,17
mess,1,6.1984708173860685,0.9743979473735584,17
seriously,1,6.1984708173860685,0.9743979473735584,17
existenc,1,6.1984708173860685,0.9743979473735584,17
fp,1,6.1984708173860685,0.9743979473735584,17
presented,1,6.1204683053847955,0.9728919442778855,18
impossibl,1,6.1204683053847955,0.9728919442778855,18
pain,1,6.1204683053847955,0.9728919442778855,18
car,1,6.1204683053847955,0.9728919442778855,18
fail,1,6.1204683053847955,0.9728919442778855,18
society,1,6.1204683053847955,0.9728919442778855,18
zero,1,6.1204683053847955,0.9728919442778855,18
huge,1,6.046467723941019,0.9713859411822124,19
nor,1,6.046467723941019,0.9713859411822124,19
class,1,6.046467723941019,0.9713859411822124,19
fiction,1,6.046467723941019,0.9713859411822124,19
hate,1,6.046467723941019,0.9713859411822124,19
body,1,6.046467723941019,0.9713859411822124,19
honestly,1,6.046467723941019,0.9713859411822124,19
begin,1,6.046467723941019,0.9713859411822124,19
occasionally,1,6.046467723941019,0.9713859411822124,19
impact,1,6.046467723941019,0.9713859411822124,19
mixed,1,5.976078396049621,0.9698799380865394,20
clos,1,5.976078396049621,0.9698799380865394,20
replay,1,5.976078396049621,0.9698799380865394,20
interactiv,1,5.976078396049621,0.9698799380865394,20
bought,1,5.976078396049621,0.9698799380865394,20
influenc,1,5.976078396049621,0.9698799380865394,20
present,1,5.976078396049621,0.9698799380865394,20
soul,1,5.976078396049621,0.9698799380865394,20
alon,1,5.976078396049621,0.9698799380865394,20
considering,1,5.976078396049621,0.9698799380865394,20
encounter,1,5.908964200191083,0.9683739349908663,21
known,1,5.908964200191083,0.9683739349908663,21
struggl,1,5.8448338627713685,0.9668679318951934,22
messag,1,5.8448338627713685,0.9668679318951934,22
absurdity,1,5.8448338627713685,0.9668679318951934,22
pacing,1,5.8448338627713685,0.9668679318951934,22
inventory,1,5.8448338627713685,0.9668679318951934,22
process,1,5.8448338627713685,0.9668679318951934,22
lynch,1,5.8448338627713685,0.9668679318951934,22
sequenc,1,5.783433318107225,0.9653619287995203,23
incredibly,1,5.783433318107225,0.9653619287995203,23
working,1,5.783433318107225,0.9653619287995203,23
cute,1,5.783433318107225,0.9653619287995203,23
check,1,5.783433318107225,0.9653619287995203,23
reality,1,5.783433318107225,0.9653619287995203,23
support,1,5.724539629053656,0.9638559257038473,24
7,1,5.724539629053656,0.9638559257038473,24
ultimately,1,5.724539629053656,0.9638559257038473,24
version,1,5.724539629053656,0.9638559257038473,24
creatur,1,5.724539629053656,0.9638559257038473,24
super,1,5.667956100687289,0.9623499226081742,25
audio,1,5.667956100687289,0.9623499226081742,25
living,1,5.667956100687289,0.9623499226081742,25
simulator,1,5.667956100687289,0.9623499226081742,25
remember,1,5.6135083166649125,0.9608439195125013,26
shit,1,5.6135083166649125,0.9608439195125013,26
attention,1,5.6135083166649125,0.9608439195125013,26
stanley,1,5.561040896770777,0.9593379164168282,27
live,1,5.561040896770777,0.9593379164168282,27
survival,1,5.561040896770777,0.9593379164168282,27
list,1,5.461505223219862,0.9563259102254821,29
several,1,5.461505223219862,0.9563259102254821,29
past,1,5.461505223219862,0.9563259102254821,29
button,1,5.461505223219862,0.9563259102254821,29
conversation,1,5.414199508441506,0.9548199071298091,30
call,1,5.414199508441506,0.9548199071298091,30
somewhat,1,5.414199508441506,0.9548199071298091,30
videogam,1,5.414199508441506,0.9548199071298091,30
progress,1,5.414199508441506,0.9548199071298091,30
storylin,1,5.414199508441506,0.9548199071298091,30
question,1,5.368395818828381,0.9533139040341361,31
bizarr,1,5.324001699469927,0.951807900938463,32
inspired,1,5.324001699469927,0.951807900938463,32
requir,1,5.324001699469927,0.951807900938463,32
wasn't,1,5.324001699469927,0.951807900938463,32
they'r,1,5.324001699469927,0.951807900938463,32
constantly,1,5.280932977578042,0.95030189784279,33
aren't,1,5.280932977578042,0.95030189784279,33
add,1,5.280932977578042,0.95030189784279,33
excellent,1,5.239112801883414,0.948795894747117,34
concept,1,5.239112801883414,0.948795894747117,34
money,1,5.239112801883414,0.948795894747117,34
frustrating,1,5.239112801883414,0.948795894747117,34
coupl,1,5.239112801883414,0.948795894747117,34
guess,1,5.239112801883414,0.948795894747117,34
cool,1,5.239112801883414,0.948795894747117,34
valu,1,5.239112801883414,0.948795894747117,34
seen,1,5.239112801883414,0.948795894747117,34
enjoyed,1,5.1984708173860685,0.947289891651444,35
due,1,5.1984708173860685,0.947289891651444,35
everyon,1,5.1984708173860685,0.947289891651444,35
mission,1,5.1589424531994315,0.9457838885557709,36
already,1,5.1589424531994315,0.9457838885557709,36
top,1,5.1204683053847955,0.9442778854600979,37
myself,1,5.082993599966133,0.9427718823644249,38
behind,1,5.082993599966133,0.9427718823644249,38
fit,1,5.046467723941019,0.9412658792687518,39
writt,1,5.046467723941019,0.9412658792687518,39
true,1,5.046467723941019,0.9412658792687518,39
perfect,1,5.010843814210297,0.9397598761730788,40
amazing,1,5.010843814210297,0.9397598761730788,40
insect,1,4.976078396049621,0.9382538730774058,41
happ,1,4.976078396049621,0.9382538730774058,41
expect,1,4.976078396049621,0.9382538730774058,41
amount,1,4.942131064126283,0.9367478699817328,42
piec,1,4.908964200191083,0.9352418668860597,43
show,1,4.908964200191083,0.9352418668860597,43
sale,1,4.908964200191083,0.9352418668860597,43
soundtrack,1,4.8448338627713685,0.9322298606947137,45
put,1,4.8448338627713685,0.9322298606947137,45
leav,1,4.813806967150744,0.9307238575990406,46
complet,1,4.813806967150744,0.9307238575990406,46
you'v,1,4.813806967150744,0.9307238575990406,46
completely,1,4.783433318107225,0.9292178545033676,47
challeng,1,4.783433318107225,0.9292178545033676,47
journey,1,4.783433318107225,0.9292178545033676,47
someon,1,4.783433318107225,0.9292178545033676,47
building,1,4.753685974713172,0.9277118514076945,48
next,1,4.724539629053656,0.9262058483120216,49
genr,1,4.6959704768568855,0.9246998452163485,50
side,1,4.667956100687289,0.9231938421206755,51
simpl,1,4.640475364265182,0.9216878390250024,52
making,1,4.640475364265182,0.9216878390250024,52
moment,1,4.6135083166649125,0.9201818359293295,53
beautiful,1,4.535505804663639,0.9156638266423103,56
last,1,4.48575276946654,0.9126518204509643,58
tell,1,4.48575276946654,0.9126518204509643,58
tak,1,4.48575276946654,0.9126518204509643,58
based,1,4.437658481265495,0.9096398142596183,60
enjoy,1,4.437658481265495,0.9096398142596183,60
alway,1,4.437658481265495,0.9096398142596183,60
person,1,4.346028005799926,0.903615801876926,64
weird,1,4.324001699469927,0.9021097987812531,65
giv,1,4.302306628370609,0.90060379568558,66
having,1,4.302306628370609,0.90060379568558,66
book,1,4.302306628370609,0.90060379568558,66
found,1,4.280932977578042,0.899097792589907,67
especially,1,4.280932977578042,0.899097792589907,67
fan,1,4.2598713620502116,0.897591789494234,68
worth,1,4.2598713620502116,0.897591789494234,68
developer,1,4.2598713620502116,0.897591789494234,68
can't,1,4.239112801883414,0.896085786398561,69
felt,1,4.218648699323699,0.8945797833028879,70
problem,1,4.218648699323699,0.8945797833028879,70
city,1,4.1984708173860685,0.8930737802072148,71
friend,1,4.178571259948364,0.8915677771115418,72
choic,1,4.178571259948364,0.8915677771115418,72
sometim,1,4.178571259948364,0.8915677771115418,72
sure,1,4.1395771283325,0.8885557709201958,74
oft,1,4.1395771283325,0.8885557709201958,74
far,1,4.10160927813348,0.8855437647288498,76
nice,1,4.10160927813348,0.8855437647288498,76
video,1,4.10160927813348,0.8855437647288498,76
overall,1,4.082993599966133,0.8840377616331767,77
once,1,4.028545815943756,0.8795197523461576,80
tim,1,3.9590048826906794,0.8734957399634655,84
sinc,1,3.9590048826906794,0.8734957399634655,84
uniqu,1,3.9590048826906794,0.8734957399634655,84
going,1,3.942131064126283,0.8719897368677925,85
rather,1,3.942131064126283,0.8719897368677925,85
both,1,3.942131064126283,0.8719897368677925,85
day,1,3.892662387861983,0.8674717275807734,88
give,1,3.892662387861983,0.8674717275807734,88
real,1,3.8765427224987064,0.8659657244851003,89
better,1,3.8765427224987064,0.8659657244851003,89
full,1,3.8606011786296848,0.8644597213894273,90
thought,1,3.8606011786296848,0.8644597213894273,90
long,1,3.8138069671507435,0.8599417121024082,93
metamorphosi,1,3.7985402104974333,0.8584357090067352,94
recommend,1,3.7684829766412533,0.8554237028153892,96
ever,1,3.753685974713173,0.8539176997197161,97
down,1,3.6959704768568855,0.847893687337024,101
again,1,3.667956100687289,0.8448816811456779,103
take,1,3.640475364265182,0.8418696749543318,105
bad,1,3.5482168564131933,0.8313276532846207,112
t,1,3.5482168564131933,0.8313276532846207,112
never,1,3.510414823700809,0.8268096439976016,115
been,1,3.4376584812654944,0.8177736254235634,121
2,1,3.4141995084415058,0.8147616192322173,123
seem,1,3.4141995084415058,0.8147616192322173,123
part,1,3.402611534166294,0.8132556161365443,124
though,1,3.402611534166294,0.8132556161365443,124
same,1,3.391115895328465,0.8117496130408712,125
thes,1,3.368395818828381,0.8087376068495252,127
i'm,1,3.3131133833271913,0.80120759137116,132
playing,1,3.3131133833271913,0.80120759137116,132
quit,1,3.259871362050212,0.7936775758927949,137
level,1,3.259871362050212,0.7936775758927949,137
around,1,3.188486728813446,0.7831355542230837,144
end,1,3.1687234739920163,0.7801235480317377,146
find,1,3.037478940713764,0.7590395046923152,160
know,1,2.9007902687453835,0.7349434551615468,176
had,1,2.8215013589407443,0.7198834242048164,186
any,1,2.8138069671507435,0.7183774211091434,187
littl,1,2.8061533946073083,0.7168714180134703,188
becaus,1,2.7684829766412533,0.7093414025351052,193
who,1,2.7245396290536563,0.700305383961067,199
whil,1,2.7030599016432046,0.6957873746740479,202
don't,1,2.6749088613290555,0.6897633622913558,206
s,1,2.561040896770777,0.6641613096649144,223
gam,1,2.3240016994699273,0.6039211858379931,263
good,1,2.296933456271757,0.596391170359628,268
time,1,2.1395771283325002,0.549705074393764,299
what,1,1.6135083166649125,0.3509126657649241,431
kafka,1,1.2889110350015658,0.1867583283365638,540
